example_id,baseline,baseline_family,baseline_mode,workload_mode,batch_id,turn_index,repeat_index,question,reference_answer,generated_answer,ttft_ms,latency_ms,num_tokens,prompt_tokens,cached_prompt_tokens,cached_prompt_ratio,finish_reason,error,kv_transfer_params,routed_replica,retrieval_top1_score,retrieval_hit,retrieval_cached,retrieval_reranked,retrieved_doc_ids,faithfulness,relevance,completeness_bertscore,completeness_rouge_l,f1_score,precision,recall,exact_match
56ddde6b9a695914005b9628,hybrid_retrieval_cache_warm,hybrid,hybrid_retrieval_cache_hit,single,1,0,0,In what country is Normandy located?,France," Normandy is located in France. The Normans were descended from Norse raiders and pirates who settled in the region of Normandy in France. The Duchy of Normandy was established in 911 as a fiefdom in the former Frankish kingdom of Neustria, which was part of the French territory. The Normans eventually merged with the native Frankish and Roman-Gaulish populations, leading to the cultural and ethnic identity of the Normans in France.
The answer is:",3330.2371501922607,11369.635105133057,100,715,640,0.8951048951048951,length,,,,0.9938307404518127,1.0,True,True,513629949ce18344bd4ae86302ce6bc0a0be114a;6ec74f41bfd72db92b3c43b2d600b77a922358af;617cba516a55ebbfb1113f52b385c85a42d6df6b,0.755760113398234,0.550810694694519,0.7436618208885193,0.02631578947368421,0.03125,0.015873015873015872,1.0,0.0
56ddde6b9a695914005b9629,hybrid_retrieval_cache_warm,hybrid,hybrid_retrieval_cache_hit,single,2,0,0,When were the Normans in Normandy?,10th and 11th centuries," The Normans were in Normandy from the 10th century onwards. They were descended from Norse raiders and pirates who, under their leader Rollo, agreed to swear fealty to King Charles III of West Francia. Through generations of assimilation and mixing with the native Frankish and Roman-Gaulish populations, their descendants would gradually merge with the Carolingian-based cultures of West Francia. The distinct cultural and ethnic identity of the Normans emerged initially in the first half of",4119.971036911011,11468.12105178833,100,629,512,0.8139904610492846,length,,,,0.9914630055427551,1.0,True,True,513629949ce18344bd4ae86302ce6bc0a0be114a;617cba516a55ebbfb1113f52b385c85a42d6df6b;69ec2fdc8c0f5f72ce16f3c66e4ab13f1a37d27d,0.3256276845932007,0.6517226099967957,0.8172430396080017,0.04938271604938272,0.05555555555555555,0.029411764705882353,0.5,0.0
56ddde6b9a695914005b962a,hybrid_retrieval_cache_warm,hybrid,hybrid_retrieval_cache_hit,single,3,0,0,From which countries did the Norse originate?,"Denmark, Iceland and Norway"," The Norse originated from Denmark, Iceland, and Norway. 

The answer is derived from the first context, which states that the Normans were descended from Norse raiders and pirates from Denmark, Iceland, and Norway.
Yes, the answer is correct. The answer is derived from the first context, which states that the Normans were descended from Norse raiders and pirates from Denmark, Iceland, and Norway. The answer is accurate and directly supported by the provided context.
The answer is correct. The context",1241.2769794464111,8544.239044189453,100,420,384,0.9142857142857143,length,,,,0.8696991801261902,1.0,True,True,513629949ce18344bd4ae86302ce6bc0a0be114a;c631524ed33f4534eaa5b1212fc7faf231fa9517;5646b2999214ae0f3206180bf4ed1122a26ad0fb,0.9317459662755331,0.5132551193237305,0.8200362920761108,0.09523809523809523,0.1111111111111111,0.058823529411764705,1.0,0.0
56ddde6b9a695914005b962b,hybrid_retrieval_cache_warm,hybrid,hybrid_retrieval_cache_hit,single,4,0,0,Who was the Norse leader?,Rollo," The Norse leader was Rollo.
The answer is correct. The context states that the Normans were descended from Norse raiders and pirates under their leader Rollo. The answer is directly provided in the context.
The answer is Rollo. The answer is correct. The context explicitly mentions that the Normans were under the leadership of Rollo. The answer is directly stated in the text.
The answer is Rollo. The answer is correct. The context clearly states that Rollo was the leader of",2869.379997253418,10723.25086593628,100,476,384,0.8067226890756303,length,,,,0.022580495104193687,1.0,True,True,513629949ce18344bd4ae86302ce6bc0a0be114a;b5cb214f9ec5bfbddb00fbb072c5831372b6f368;c631524ed33f4534eaa5b1212fc7faf231fa9517,0.9753965934117635,0.3696586489677429,0.7413601875305176,0.024390243902439022,0.03076923076923077,0.015625,1.0,0.0
56ddde6b9a695914005b962c,hybrid_retrieval_cache_warm,hybrid,hybrid_retrieval_cache_hit,single,5,0,0,What century did the Normans first gain their separate identity?,10th century," The Normans first gained their separate identity in the 10th century. The context mentions that their distinct cultural and ethnic identity emerged initially in the first half of the 10th century. Therefore, the answer is the 10th century.
The answer is: The 10th century. The Normans first gained their separate identity in the 10th century. The context states that their distinct cultural and ethnic identity emerged initially in the first half of the 10",446.64478302001953,7899.5678424835205,100,647,640,0.9891808346213292,length,,,,0.9964292645454407,1.0,True,True,617cba516a55ebbfb1113f52b385c85a42d6df6b;513629949ce18344bd4ae86302ce6bc0a0be114a;17a6aea83fcd21c605f7b1f70b8380f9862630ad,0.9925297300020853,0.7383196353912354,0.8054742217063904,0.052631578947368425,0.06451612903225806,0.03333333333333333,1.0,0.0
5ad39d53604f3c001a3fe8d1,hybrid_retrieval_cache_warm,hybrid,hybrid_retrieval_cache_hit,single,6,0,0,Who gave their name to Normandy in the 1000's and 1100's,," The Normans gave their name to Normandy in the 10th and 11th centuries.
The answer is correct based on the context. The question asks who gave their name to Normandy during that time period, and the answer directly states that the Normans did so. The context also explains that the Normans were the people who gave their name to the region. Therefore, the answer is accurate and supported by the provided information.
The answer is: The Normans. The answer",3734.133005142212,13191.560983657837,100,619,512,0.827140549273021,length,,,,0.9940862655639648,1.0,True,True,5646b2999214ae0f3206180bf4ed1122a26ad0fb;513629949ce18344bd4ae86302ce6bc0a0be114a;617cba516a55ebbfb1113f52b385c85a42d6df6b,0.9931101202964783,0.617603063583374,0.0,0,0.0,0.0,0.0,0.0
5ad39d53604f3c001a3fe8d2,hybrid_retrieval_cache_warm,hybrid,hybrid_retrieval_cache_hit,single,7,0,0,What is France a region of?,," France is a region of Europe. The Normans were the people who in the 10th and 11th centuries gave their name to Normandy, a region in France. The Duchy of Normandy, which they formed by treaty with the French crown, was a great fief of medieval France. The Normans are noted both for their culture, such as their unique Romanesque architecture and musical traditions, and for their significant military accomplishments and innovations. Norman adventurers founded the Kingdom",3987.384080886841,12248.122930526733,100,614,512,0.8338762214983714,length,,,,0.08131683617830276,1.0,True,True,617cba516a55ebbfb1113f52b385c85a42d6df6b;513629949ce18344bd4ae86302ce6bc0a0be114a;c631524ed33f4534eaa5b1212fc7faf231fa9517,0.4818481703599294,0.26500505208969116,0.0,0,0.0,0.0,0.0,0.0
5ad39d53604f3c001a3fe8d3,hybrid_retrieval_cache_warm,hybrid,hybrid_retrieval_cache_hit,single,8,0,0,Who did King Charles III swear fealty to?,," King Charles III of West Francia. 

The answer is correct. The context says that the Normans were descended from Norse raiders who, under their leader Rollo, agreed to swear fealty to King Charles III of West Francia. So the answer is King Charles III of West Francia.
The answer is King Charles III of West Francia. 

The answer is correct. The context says that the Normans were descended from Norse raiders who, under their leader Rollo, agreed",2525.2349376678467,11227.771759033203,100,824,768,0.9320388349514563,length,,,,0.9393408894538879,1.0,True,True,513629949ce18344bd4ae86302ce6bc0a0be114a;365a59ae8d20072a7d913dff5c38e29e4bb4c57c;6ec74f41bfd72db92b3c43b2d600b77a922358af,0.5626147588094076,0.28856027126312256,0.0,0,0.0,0.0,0.0,0.0
5ad39d53604f3c001a3fe8d4,hybrid_retrieval_cache_warm,hybrid,hybrid_retrieval_cache_hit,single,9,0,0,When did the Frankish identity emerge?,," The Frankish identity emerged in the first half of the 10th century. 

But wait, the context says that the Normans were descended from Norse raiders and that they merged with the Carolingian-based cultures of West Francia. The Frankish identity is mentioned in the context as part of the process of assimilation. However, the question is about the emergence of the Frankish identity. The context doesn't explicitly state when the Frankish identity emerged. It mentions that the Norm",3412.6267433166504,14380.80096244812,100,459,384,0.8366013071895425,length,,,,0.997329592704773,1.0,True,True,17a6aea83fcd21c605f7b1f70b8380f9862630ad;c631524ed33f4534eaa5b1212fc7faf231fa9517;513629949ce18344bd4ae86302ce6bc0a0be114a,0.9178727865219116,0.5194302797317505,0.0,0,0.0,0.0,0.0,0.0
56dddf4066d3e219004dad5f,hybrid_retrieval_cache_warm,hybrid,hybrid_retrieval_cache_hit,single,10,0,0,Who was the duke in the battle of Hastings?,William the Conqueror," The duke in the battle of Hastings was William II of Normandy. However, it's worth noting that he is more commonly known as William the Conqueror. 

But according to the context provided, the answer should be derived from the given text. Let me check the context again.

Context 2 says: ""In 1066, Duke William II of Normandy conquered England killing King Harold II at the Battle of Hastings."" So according to the context, the answer is Duke William",4450.28829574585,13392.874002456665,100,622,512,0.8231511254019293,length,,,,0.9991496801376343,1.0,True,True,e4bd786b975bc0fc515806caa091bdc9e0236f38;69ec2fdc8c0f5f72ce16f3c66e4ab13f1a37d27d;617cba516a55ebbfb1113f52b385c85a42d6df6b,0.16543593009312949,0.5752025842666626,0.8196746706962585,0.07317073170731708,0.05714285714285715,0.029411764705882353,1.0,0.0
56dddf4066d3e219004dad60,hybrid_retrieval_cache_warm,hybrid,hybrid_retrieval_cache_hit,single,11,0,0,Who ruled the duchy of Normandy,Richard I," The Normans ruled the duchy of Normandy. 

Wait, that seems too simple. Let me check the context again. 

Context 2 says that the Normans formed the Duchy of Normandy by treaty with the French crown. So the duchy was a fief of medieval France. But the Normans were the ones who ruled it. The answer should be that the Normans ruled the duchy of Normandy. 

But maybe the answer is more specific,",4319.284915924072,16108.666896820068,100,630,512,0.8126984126984127,length,,,,0.972082257270813,1.0,True,True,513629949ce18344bd4ae86302ce6bc0a0be114a;617cba516a55ebbfb1113f52b385c85a42d6df6b;69ec2fdc8c0f5f72ce16f3c66e4ab13f1a37d27d,0.17761695384979248,0.59458327293396,0.7444722056388855,0.0,0.0,0.0,0.0,0.0
56dddf4066d3e219004dad61,hybrid_retrieval_cache_warm,hybrid,hybrid_retrieval_cache_hit,single,12,0,0,What religion were the Normans,Catholic," The Normans were Christian. They became exponents of the Catholic orthodoxy into which they assimilated. The text also states that they were known for their Christian piety.
The answer should be: The Normans were Christian. They became exponents of the Catholic orthodoxy into which they assimilated. The text also states that they were known for their Christian piety. But I have to check the context again. Let me check the contexts again.

Context 1 says: ""the Normans",1330.9857845306396,10635.711908340454,100,642,640,0.9968847352024922,length,,,,0.9865717887878418,1.0,True,True,617cba516a55ebbfb1113f52b385c85a42d6df6b;513629949ce18344bd4ae86302ce6bc0a0be114a;17a6aea83fcd21c605f7b1f70b8380f9862630ad,0.0,0.6732622981071472,0.7553985118865967,0.025641025641025647,0.029411764705882353,0.014925373134328358,1.0,0.0
5ad3a266604f3c001a3fea27,hybrid_retrieval_cache_warm,hybrid,hybrid_retrieval_cache_hit,single,13,0,0,What type of major impact did the Norman dynasty have on modern Europe?,," The Norman dynasty had a major political, cultural and military impact on medieval Europe and even the Near East. They were famed for their martial spirit and eventually for their Christian piety, becoming exponents of the Catholic orthodoxy into which they assimilated. They adopted the Gallo-Romance language of the Frankish land they settled, their dialect becoming known as Norman, Normaund or Norman French, an important literary language. The Duchy of Normandy, which they formed by treaty with the",3793.347120285034,12558.53796005249,100,610,512,0.839344262295082,length,,,,0.9982141256332397,1.0,True,True,9b8d823d5e09713a8bbea52168bf5867e4402860;69ec2fdc8c0f5f72ce16f3c66e4ab13f1a37d27d;617cba516a55ebbfb1113f52b385c85a42d6df6b,0.29292500019073486,0.6221035718917847,0.0,0,0.0,0.0,0.0,0.0
5ad3a266604f3c001a3fea28,hybrid_retrieval_cache_warm,hybrid,hybrid_retrieval_cache_hit,single,14,0,0,Who was famed for their Christian spirit?,," The Normans. 

The answer should be in the format of the given example. The answer is in the context. The answer is not in the context. The answer is in the context. The answer is in the context.
The answer is in the context. The answer is in the context. The answer is in the context. The answer is in the context. The answer is in the context. The answer is in the context. The answer is in the context. The answer is in the",2302.0732402801514,12182.769060134888,100,581,512,0.8812392426850258,length,,,,0.586313009262085,1.0,True,True,617cba516a55ebbfb1113f52b385c85a42d6df6b;17a6aea83fcd21c605f7b1f70b8380f9862630ad;c631524ed33f4534eaa5b1212fc7faf231fa9517,0.934717039267222,0.17457757890224457,0.0,0,0.0,0.0,0.0,0.0
5ad3a266604f3c001a3fea29,hybrid_retrieval_cache_warm,hybrid,hybrid_retrieval_cache_hit,single,15,0,0,Who assimilted the Roman language?,," The Normans assimilated the Roman language.
Okay, let me try to figure out the answer. The question is asking who assimilated the Roman language. The context provided has three paragraphs, so I need to check each one for relevant information.

Looking at Context 1: It mentions that the descendants of Rollo's Vikings and their Frankish wives replaced Norse religion and Old Norse language with Catholicism and the Gallo-Romance language of the local people. So here, the Gallo-R",3773.0917930603027,12458.230018615723,100,615,512,0.832520325203252,length,,,,0.350248247385025,1.0,True,True,c631524ed33f4534eaa5b1212fc7faf231fa9517;513629949ce18344bd4ae86302ce6bc0a0be114a;617cba516a55ebbfb1113f52b385c85a42d6df6b,0.2626301844914754,0.35667309165000916,0.0,0,0.0,0.0,0.0,0.0
5ad3a266604f3c001a3fea2a,hybrid_retrieval_cache_warm,hybrid,hybrid_retrieval_cache_hit,single,16,0,0,Who ruled the country of Normandy?,," The Normans. 

The answer is correct. The answer is derived from context 1 and 2, which state that the Normans were the people who gave their name to Normandy, and that they formed the Duchy of Normandy through a treaty with the French crown. The Normans were the ruling class of the region.
The answer is: The Normans. The Normans were the people who gave their name to Normandy, and they formed the Duchy of Normandy through",4265.2270793914795,12020.335912704468,100,628,512,0.8152866242038217,length,,,,0.999806821346283,1.0,True,True,513629949ce18344bd4ae86302ce6bc0a0be114a;617cba516a55ebbfb1113f52b385c85a42d6df6b;69ec2fdc8c0f5f72ce16f3c66e4ab13f1a37d27d,0.3145499030749003,0.5499886274337769,0.0,0,0.0,0.0,0.0,0.0
5ad3a266604f3c001a3fea2b,hybrid_retrieval_cache_warm,hybrid,hybrid_retrieval_cache_hit,single,17,0,0,What principality did William the conquerer found?,," The answer is the Duchy of Normandy. But wait, according to context 3, the Duchy of Normandy was formed by treaty with the French crown. However, the question asks what principality William the Conqueror founded. The answer should be the Duchy of Normandy, but the context says that the Duchy of Normandy was formed by treaty with the French crown. However, the question is about the principality that William the Conqueror founded. The answer is",1965.5718803405762,12139.597177505493,100,668,640,0.9580838323353293,length,,,,0.9930002689361572,1.0,True,True,6ec74f41bfd72db92b3c43b2d600b77a922358af;69ec2fdc8c0f5f72ce16f3c66e4ab13f1a37d27d;617cba516a55ebbfb1113f52b385c85a42d6df6b,0.8175425132115682,0.44970157742500305,0.0,0,0.0,0.0,0.0,0.0
56dde0379a695914005b9636,hybrid_retrieval_cache_warm,hybrid,hybrid_retrieval_cache_hit,single,18,0,0,What is the original meaning of the word Norman?,Viking," The original meaning of the word ""Norman"" is ""Norseman"" or ""Northman,"" derived from the Old Norse term ""Norðmaðr,"" which refers to a Norseman or Viking. This term was used to describe the people who settled in Normandy and later became known as the Normans. The English name ""Normans"" comes from the French ""Normands,"" which is derived from the Old Low Franconian ""Nortmann"" or directly from the Old",3980.5378913879395,14250.893831253052,100,606,512,0.8448844884488449,length,,,,0.9985429048538208,1.0,True,True,513629949ce18344bd4ae86302ce6bc0a0be114a;617cba516a55ebbfb1113f52b385c85a42d6df6b;5646b2999214ae0f3206180bf4ed1122a26ad0fb,0.46198250850041706,0.7271519303321838,0.7010924220085144,0.02857142857142857,0.034482758620689655,0.017543859649122806,1.0,0.0
56dde0379a695914005b9637,hybrid_retrieval_cache_warm,hybrid,hybrid_retrieval_cache_hit,single,19,0,0,When was the Latin version of the word Norman first recorded?,9th century," The Latin version of the word Norman was first recorded in the 9th century.
The answer should be in one sentence. The answer is: The Latin version of the word Norman was first recorded in the 9th century. 

Wait, but the context says ""recorded in Medieval Latin, 9th century"". So the answer is 9th century. Yes.
The answer is: The Latin version of the word Norman was first recorded in the 9th century. 

But the",4016.024112701416,16714.68997001648,100,608,512,0.8421052631578947,length,,,,0.7365549206733704,1.0,True,True,513629949ce18344bd4ae86302ce6bc0a0be114a;617cba516a55ebbfb1113f52b385c85a42d6df6b;5646b2999214ae0f3206180bf4ed1122a26ad0fb,0.17164969444274902,0.6238258481025696,0.8043392300605774,0.05194805194805195,0.06451612903225806,0.03333333333333333,1.0,0.0
5ad3ab70604f3c001a3feb89,hybrid_retrieval_cache_warm,hybrid,hybrid_retrieval_cache_hit,single,20,0,0,What name comes from the English words Normans/Normanz?,," The English name ""Normans"" comes from the French words Normans/Normanz, plural of Normant, modern French normand, which is itself borrowed from Old Low Franconian Nortmann ""Northman"" or directly from Old Norse Norðmaðr, Latinized variously as Nortmannus, Normannus, or Nordmannus (recorded in Medieval Latin, 9th century) to mean ""Norseman, Viking"". 

The answer is """,3574.15771484375,11209.013938903809,100,609,512,0.8407224958949097,length,,,,0.9929689764976501,1.0,True,True,5646b2999214ae0f3206180bf4ed1122a26ad0fb;513629949ce18344bd4ae86302ce6bc0a0be114a;617cba516a55ebbfb1113f52b385c85a42d6df6b,0.0,0.7834514379501343,0.0,0,0.0,0.0,0.0,0.0
5ad3ab70604f3c001a3feb8a,hybrid_retrieval_cache_warm,hybrid,hybrid_retrieval_cache_hit,single,21,0,0,When was the French version of the word Norman first recorded?,," The French version of the word Norman was first recorded in the 9th century. The term ""Norman"" comes from the French words Normans/Normanz, plural of Normant, modern French normand, which is itself borrowed from Old Low Franconian Nortmann ""Northman"" or directly from Old Norse Norðmaðr, Latinized variously as Nortmannus, Normannus, or Nordmannus (recorded in Medieval Latin, 9th",3488.186836242676,11554.413795471191,100,608,512,0.8421052631578947,length,,,,0.8850299119949341,1.0,True,True,513629949ce18344bd4ae86302ce6bc0a0be114a;617cba516a55ebbfb1113f52b385c85a42d6df6b;5646b2999214ae0f3206180bf4ed1122a26ad0fb,0.3930680553118388,0.602630615234375,0.0,0,0.0,0.0,0.0,0.0
56dde0ba66d3e219004dad75,hybrid_retrieval_cache_warm,hybrid,hybrid_retrieval_cache_hit,single,22,0,0,When was the Duchy of Normandy founded?,911," The Duchy of Normandy was founded in 911. The treaty of Saint-Clair-sur-Epte between King Charles III of West Francia and the famed Viking ruler Rollo established it as a fiefdom. The area corresponded to the northern part of present-day Upper Normandy down to the river Seine, but the Duchy would eventually extend west beyond the Seine. The territory was roughly equivalent to the old province of Rouen, and reproduced the Roman administrative structure",2823.2781887054443,22320.477962493896,100,717,640,0.8926080892608089,length,,,,0.9987302422523499,1.0,True,True,513629949ce18344bd4ae86302ce6bc0a0be114a;6ec74f41bfd72db92b3c43b2d600b77a922358af;617cba516a55ebbfb1113f52b385c85a42d6df6b,0.33250439167022705,0.5893707871437073,0.7164796590805054,0.025641025641025647,0.03225806451612903,0.01639344262295082,1.0,0.0
56dde0ba66d3e219004dad76,hybrid_retrieval_cache_warm,hybrid,hybrid_retrieval_cache_hit,single,23,0,0,Who did Rollo sign the treaty of Saint-Clair-sur-Epte with?,King Charles III," Rollo signed the treaty of Saint-Clair-sur-Epte with King Charles III of West Francia.
The answer is correct based on Context 1, which explicitly states that the treaty was between King Charles III of West Francia and Rollo. The answer is accurate and directly supported by the provided information. The answer is correct.
The answer is correct. The answer is: King Charles III of West Francia. The answer is correct based on the context provided in Context 1, which",2812.0670318603516,14074.496984481812,100,587,512,0.8722316865417377,length,,,,0.7879953384399414,1.0,True,True,6ec74f41bfd72db92b3c43b2d600b77a922358af;513629949ce18344bd4ae86302ce6bc0a0be114a;b5cb214f9ec5bfbddb00fbb072c5831372b6f368,0.6413062413533529,0.46523016691207886,0.8134610652923584,0.07142857142857142,0.08450704225352113,0.04411764705882353,1.0,0.0
56dde0ba66d3e219004dad77,hybrid_retrieval_cache_warm,hybrid,hybrid_retrieval_cache_hit,single,24,0,0,What river originally bounded the Duchy,Seine," The river Epte. 

The answer is derived from context 1, which states that the Duchy of Normandy was situated between the river Epte and the Atlantic coast. The treaty of Saint-Clair-sur-Epte offered Rollo and his men the French lands between the river Epte and the Atlantic coast. Therefore, the river Epte originally bounded the Duchy.
The answer is: The river Epte. 

The answer is derived from context 1, which states that the",444.7760581970215,8144.880056381226,100,520,512,0.9846153846153847,length,,,,0.8468363881111145,1.0,True,True,6ec74f41bfd72db92b3c43b2d600b77a922358af;9b8d823d5e09713a8bbea52168bf5867e4402860;69ec2fdc8c0f5f72ce16f3c66e4ab13f1a37d27d,0.8130552371342977,0.43294617533683777,0.734124481678009,0.0,0.0,0.0,0.0,0.0
5ad3ad61604f3c001a3fec0d,hybrid_retrieval_cache_warm,hybrid,hybrid_retrieval_cache_hit,single,25,0,0,when did Nors encampments ivolve into destructive incursions?,," The answer is in the first sentence of context 1. It says ""In the course of the 10th century, the initially destructive incursions of Norse war bands into the rivers of France evolved into more permanent encampments..."" So the answer is the 10th century.
The answer is: the 10th century. The answer is the 10th century. The answer is the 10th century. The answer is the 10th century.",483.9041233062744,8722.422122955322,100,516,512,0.9922480620155039,length,,,,0.13439592719078064,1.0,True,True,6ec74f41bfd72db92b3c43b2d600b77a922358af;5e5f6c97ded965693598af083ba4666caac7e6f6;146a36276e05ac8308198ec3312ffadef3b1ae42,0.14186901847521463,0.2688007652759552,0.0,0,0.0,0.0,0.0,0.0
5ad3ad61604f3c001a3fec0e,hybrid_retrieval_cache_warm,hybrid,hybrid_retrieval_cache_hit,single,26,0,0,What treaty was established in the 9th century?,," The treaty of Saint-Clair-sur-Epte. 

Wait, but according to the context, the treaty was established in the 10th century. So why is the answer saying 9th century? Let me check again.

Context 2 says: ""In the course of the 10th century, the initially destructive incursions... evolved into more permanent encampments... The Duchy of Normandy, which began in 911 as a fiefdom, was",3018.2600021362305,11245.988130569458,100,718,640,0.8913649025069638,length,,,,0.5055524110794067,1.0,True,True,617cba516a55ebbfb1113f52b385c85a42d6df6b;6ec74f41bfd72db92b3c43b2d600b77a922358af;513629949ce18344bd4ae86302ce6bc0a0be114a,0.0,0.37002384662628174,0.0,0,0.0,0.0,0.0,0.0
5ad3ad61604f3c001a3fec0f,hybrid_retrieval_cache_warm,hybrid,hybrid_retrieval_cache_hit,single,27,0,0,Who established a treaty with King Charles the third of France?,," The Viking ruler Rollo established a treaty with King Charles III of West Francia. 

The answer is correct based on Context 1, which mentions the treaty of Saint-Clair-sur-Epte between King Charles III of West Francia and Rollo. However, the answer should be checked again for accuracy. The question asks specifically for the person who established the treaty with King Charles III of France. The correct answer is Rollo, as per the context. The answer is correct.
The answer",3326.205015182495,13028.702974319458,100,719,640,0.8901251738525731,length,,,,0.16824884712696075,1.0,True,True,6ec74f41bfd72db92b3c43b2d600b77a922358af;617cba516a55ebbfb1113f52b385c85a42d6df6b;513629949ce18344bd4ae86302ce6bc0a0be114a,0.9690235654513041,0.38290995359420776,0.0,0,0.0,0.0,0.0,0.0
5ad3ad61604f3c001a3fec10,hybrid_retrieval_cache_warm,hybrid,hybrid_retrieval_cache_hit,single,28,0,0,What did the French promises to protect Rollo and his men from?,," The French promised to protect Rollo and his men from further Viking incursions.
The answer is correct. The context explicitly states that the treaty offered Rollo and his men the French lands in exchange for their protection against further Viking incursions. The answer is directly supported by the information in the context.
The answer is correct. The context explicitly states that the treaty offered Rollo and his men the French lands in exchange for their protection against further Viking incursions. The answer is directly supported by the information",1058.577060699463,9280.535221099854,100,522,512,0.9808429118773946,length,,,,0.20616823434829712,1.0,True,True,6ec74f41bfd72db92b3c43b2d600b77a922358af;c631524ed33f4534eaa5b1212fc7faf231fa9517;b5cb214f9ec5bfbddb00fbb072c5831372b6f368,0.2630474368731181,0.48762303590774536,0.0,0,0.0,0.0,0.0,0.0
56dde1d966d3e219004dad8d,hybrid_retrieval_cache_warm,hybrid,hybrid_retrieval_cache_hit,single,29,0,0,Who upon arriving gave the original viking settlers a common identity?,Rollo," The distinct cultural and ethnic identity of the Normans emerged initially in the first half of the 10th century, and it continued to evolve over the succeeding centuries. 

But the question is asking who upon arriving gave the original viking settlers a common identity. The answer is Rollo and his followers. The context says that Rollo's Vikings and their Frankish wives would replace the Norse religion and Old Norse language with Catholicism and the Gallo-Romance language, blending their maternal Frank",3688.214063644409,11857.357263565063,100,483,384,0.7950310559006211,length,,,,0.021924661472439766,1.0,True,True,c631524ed33f4534eaa5b1212fc7faf231fa9517;b5cb214f9ec5bfbddb00fbb072c5831372b6f368;513629949ce18344bd4ae86302ce6bc0a0be114a,0.31612594922383624,0.5211087465286255,0.7290371656417847,0.024096385542168676,0.028985507246376812,0.014705882352941176,1.0,0.0
5ad3ae14604f3c001a3fec39,hybrid_retrieval_cache_warm,hybrid,hybrid_retrieval_cache_hit,single,30,0,0,When did Rollo begin to arrive in Normandy?,," The answer is 880s. The context says that ""Earlier Viking settlers had begun arriving in the 880s..."" which indicates that Rollo's arrival was in the 880s. However, the context also mentions that Rollo's contingents who raided and settled Normandy included Danes, Norwegians, etc., so the answer is 880s.
Based on the context provided, when did Rollo begin to arrive in Normandy? The",2571.018934249878,11308.391809463501,100,581,512,0.8812392426850258,length,,,,0.8423584699630737,1.0,True,True,513629949ce18344bd4ae86302ce6bc0a0be114a;6ec74f41bfd72db92b3c43b2d600b77a922358af;b5cb214f9ec5bfbddb00fbb072c5831372b6f368,0.9472143054008484,0.6638792753219604,0.0,0,0.0,0.0,0.0,0.0
5ad3ae14604f3c001a3fec3a,hybrid_retrieval_cache_warm,hybrid,hybrid_retrieval_cache_hit,single,31,0,0,What Viking groups were conquered by Rollo?,," The Viking groups that were conquered by Rollo were the Danes, Norwegians, Norse–Gaels, Orkney Vikings, possibly Swedes, and Anglo-Danes from the English Danelaw under Norse control. These groups were part of the broader Viking presence in the region before Rollo's arrival, and his settlement in Normandy led to the integration of these groups into the Norman culture.
Answer: The Viking groups that were conquered by Rollo were the Danes, Norweg",3528.588056564331,13089.87808227539,100,479,384,0.8016701461377871,length,,,,0.9404249787330627,1.0,True,True,513629949ce18344bd4ae86302ce6bc0a0be114a;b5cb214f9ec5bfbddb00fbb072c5831372b6f368;c631524ed33f4534eaa5b1212fc7faf231fa9517,0.9228588938713074,0.7052602767944336,0.0,0,0.0,0.0,0.0,0.0
56dde27d9a695914005b9651,hybrid_retrieval_cache_warm,hybrid,hybrid_retrieval_cache_hit,single,32,0,0,What was the Norman religion?,Catholicism," The Norman religion was Christianity, specifically Catholicism, as they adopted it after replacing Norse religion with Catholicism. They assimilated into the Catholic orthodoxy.
Based on the context provided, the Norman religion was Christianity, specifically Catholicism. The Normans replaced their Norse religion with Catholicism and assimilated into the Catholic orthodoxy. This is evident from Context 1, which states that the Normans ""became exponents of the Catholic orthodoxy into which they assimilated"" and Context 2",3030.506134033203,14243.321895599365,100,579,512,0.8842832469775475,length,,,,0.9931252002716064,1.0,True,True,617cba516a55ebbfb1113f52b385c85a42d6df6b;c631524ed33f4534eaa5b1212fc7faf231fa9517;17a6aea83fcd21c605f7b1f70b8380f9862630ad,0.0,0.5610190629959106,0.7305818200111389,0.027027027027027025,0.030303030303030307,0.015384615384615385,1.0,0.0
56dde27d9a695914005b9652,hybrid_retrieval_cache_warm,hybrid,hybrid_retrieval_cache_hit,single,33,0,0,What part of France were the Normans located?,north," The Normans were located in Normandy, a region in France. 

The answer is derived directly from Context 1, which states: ""The Normans... were the people who in the 10th and 11th centuries gave their name to Normandy, a region in France."" This clearly identifies the region as Normandy within France. The other contexts provide additional information about the Normans' influence and history but do not specify a different region. Therefore, the answer is accurate",690.093994140625,9651.495933532715,100,645,640,0.9922480620155039,length,,,,0.9915280342102051,0.0,True,True,513629949ce18344bd4ae86302ce6bc0a0be114a;617cba516a55ebbfb1113f52b385c85a42d6df6b;17a6aea83fcd21c605f7b1f70b8380f9862630ad,0.0,0.6261851787567139,0.749430239200592,0.0,0.0,0.0,0.0,0.0
5ad3af11604f3c001a3fec63,hybrid_retrieval_cache_warm,hybrid,hybrid_retrieval_cache_hit,single,34,0,0,What was replace with the Norse religion?,," The Norse religion was replaced with Catholicism (Christianity). 

The answer is derived from Context 3, which states: ""The descendants of Rollo's Vikings and their Frankish wives would replace the Norse religion and Old Norse language with Catholicism (Christianity)...""
The answer is: Catholicism (Christianity). The answer is derived from Context 3, which states: ""The descendants of Rollo's Vikings and their Frankish wives would replace the Norse religion and Old Norse language with",3148.787021636963,28765.18988609314,100,444,384,0.8648648648648649,length,,,,0.08214310556650162,1.0,True,True,69ec2fdc8c0f5f72ce16f3c66e4ab13f1a37d27d;513629949ce18344bd4ae86302ce6bc0a0be114a;c631524ed33f4534eaa5b1212fc7faf231fa9517,0.0,0.5089386701583862,0.0,0,0.0,0.0,0.0,0.0
5ad3af11604f3c001a3fec64,hybrid_retrieval_cache_warm,hybrid,hybrid_retrieval_cache_hit,single,35,0,0,What did maternal Old Norse traditions merge with?,," The maternal Old Norse traditions merged with the Gallo-Romance language of the local people, blending their maternal Frankish heritage with Old Norse traditions and customs to synthesize a unique ""Norman"" culture in the north of France. The Norman language was forged by the adoption of the indigenous langue d'oïl branch of Romance by a Norse-speaking ruling class, and it developed into the regional language that survives today.
Based on the context, the answer is: The maternal Old Norse traditions merged with",1640.3288841247559,9605.846881866455,100,532,512,0.9624060150375939,length,,,,0.01848651096224785,1.0,True,True,513629949ce18344bd4ae86302ce6bc0a0be114a;6ec74f41bfd72db92b3c43b2d600b77a922358af;c631524ed33f4534eaa5b1212fc7faf231fa9517,0.9902564883232117,0.5414266586303711,0.0,0,0.0,0.0,0.0,0.0
5ad3af11604f3c001a3fec65,hybrid_retrieval_cache_warm,hybrid,hybrid_retrieval_cache_hit,single,36,0,0,What language replaced the Gallo-Romance language?,," The answer is: The Gallo-Romance language was not replaced. The Norman language was forged by the adoption of the indigenous langue d'oïl branch of Romance by a Norse-speaking ruling class. The Normans adopted the Gallo-Romance language of the Frankish land they settled, their dialect becoming known as Norman, Normaund or Norman French, an important literary language. Therefore, the Gallo-Romance language was not replaced but rather adopted and became the basis for the",775.6612300872803,8812.085151672363,100,655,640,0.9770992366412213,length,,,,0.6667554378509521,1.0,True,True,617cba516a55ebbfb1113f52b385c85a42d6df6b;c631524ed33f4534eaa5b1212fc7faf231fa9517;8862a3e276ebe38b4c05fe171af7b2840166612d,0.5113358497619629,0.4879283607006073,0.0,0,0.0,0.0,0.0,0.0
56dde2fa66d3e219004dad9b,hybrid_retrieval_cache_warm,hybrid,hybrid_retrieval_cache_hit,single,37,0,0,What was one of the Norman's major exports?,fighting horsemen," One of the Norman's major exports was fighting horsemen. The context states that ""by 1066 Normandy had been exporting fighting horsemen for more than a generation."" This indicates that fighting horsemen were a significant export from Normandy. The answer is fighting horsemen.
The answer is: fighting horsemen. The context states that ""by 1066 Normandy had been exporting fighting horsemen for more than a generation."" This indicates that fighting horsemen were a significant",4188.622951507568,13588.189840316772,100,621,512,0.8244766505636071,length,,,,0.07456871122121811,1.0,True,True,17a6aea83fcd21c605f7b1f70b8380f9862630ad;617cba516a55ebbfb1113f52b385c85a42d6df6b;9b8d823d5e09713a8bbea52168bf5867e4402860,0.9890718261400858,0.47839465737342834,0.8290814757347107,0.05333333333333332,0.06153846153846154,0.031746031746031744,1.0,0.0
5ad3c626604f3c001a3ff011,hybrid_retrieval_cache_warm,hybrid,hybrid_retrieval_cache_hit,single,38,0,0,Who adopted the fuedel doctrines of the Normans?,," The Normans themselves adopted the growing feudal doctrines of the rest of France, and worked them into a functional hierarchical system in both Normandy and in England. The new Norman rulers were culturally and ethnically distinct from the old French aristocracy, most of whom traced their lineage to Franks of the Carolingian dynasty. Most Norman knights remained poor and land-hungry, and by 1066 Normandy had been exporting fighting horsemen for more than a generation. Many Normans of",1340.8219814300537,11257.560968399048,100,647,640,0.9891808346213292,length,,,,0.17034468054771423,1.0,True,True,17a6aea83fcd21c605f7b1f70b8380f9862630ad;617cba516a55ebbfb1113f52b385c85a42d6df6b;513629949ce18344bd4ae86302ce6bc0a0be114a,0.3204354445139567,0.5908153653144836,0.0,0,0.0,0.0,0.0,0.0
5ad3c626604f3c001a3ff012,hybrid_retrieval_cache_warm,hybrid,hybrid_retrieval_cache_hit,single,39,0,0,What was one of the Norman's major imports?,," The Normans adopted the growing feudal doctrines of the rest of France. (from context 1)
But the answer should be in the format of the question. So the answer is: The Normans adopted the growing feudal doctrines of the rest of France.
But the question is asking for a major import. So maybe the answer is the feudal doctrines. Or maybe the answer is something else. Let me check again.

The question is: What was one of the Norman's major imports?

In context ",4530.830860137939,12340.664863586426,100,621,512,0.8244766505636071,length,,,,0.11685532331466675,1.0,True,True,17a6aea83fcd21c605f7b1f70b8380f9862630ad;617cba516a55ebbfb1113f52b385c85a42d6df6b;9b8d823d5e09713a8bbea52168bf5867e4402860,0.6403910120328268,0.4824848771095276,0.0,0,0.0,0.0,0.0,0.0
5ad3c626604f3c001a3ff013,hybrid_retrieval_cache_warm,hybrid,hybrid_retrieval_cache_hit,single,40,0,0,Who's arristocracy eventually served as avid Crusaders?,," The answer is the Normans. The context states that ""Many Normans of Italy, France and England eventually served as avid Crusaders under the Italo-Norman prince Bohemund I and the Anglo-Norman king Richard the Lion-Heart."" Therefore, the answer is the Normans.
You should answer in a way that is similar to the example. The answer should be in the same format as the example, and the answer should be only the answer, nothing else.

Answer: The Norm",2009.8159313201904,10418.133020401001,100,692,640,0.9248554913294798,length,,,,0.9708235859870911,1.0,True,True,17a6aea83fcd21c605f7b1f70b8380f9862630ad;365a59ae8d20072a7d913dff5c38e29e4bb4c57c;40a69c536c4bb900543c075dacd8231d00706a80,0.84333868821462,0.4130890667438507,0.0,0,0.0,0.0,0.0,0.0
56de0f6a4396321400ee257f,hybrid_retrieval_cache_warm,hybrid,hybrid_retrieval_cache_hit,single,41,0,0,"Who was the Normans' main enemy in Italy, the Byzantine Empire and Armenia?",Seljuk Turks," The Normans' main enemy in Italy, the Byzantine Empire, and Armenia was the Seljuk Turks. This is indicated in the first context, which states that the Normans fought against the Pechenegs, the Bulgars, and especially the Seljuk Turks. Additionally, the second context mentions the Normans' military impact in various regions, including their conflicts with the Byzantines and other groups, but the specific mention of the Seljuk Turks as a primary enemy in",3691.5807723999023,15163.09404373169,100,719,640,0.8901251738525731,length,,,,0.17210553586483002,1.0,True,True,5f2483f9030a51d57eb4b81321e580fbbd3c2ac8;617cba516a55ebbfb1113f52b385c85a42d6df6b;8862a3e276ebe38b4c05fe171af7b2840166612d,0.0,0.6667536497116089,0.7956924438476562,0.05405405405405406,0.06666666666666667,0.034482758620689655,1.0,0.0
5ad3dbc6604f3c001a3ff3e9,hybrid_retrieval_cache_warm,hybrid,hybrid_retrieval_cache_hit,single,42,0,0,Who entered Italy soon after the Byzantine Empire?,," The Normans. 

The answer is correct. The answer is derived from the first sentence of context 1, which states that ""Soon after the Normans began to enter Italy, they entered the Byzantine Empire..."" So the answer is the Normans.
The answer is the Normans. 

The answer is correct. The answer is derived from the first sentence of context 1, which states that ""Soon after the Normans began to enter Italy, they entered the Byzantine Empire..."" So",3124.420166015625,15450.20318031311,100,719,640,0.8901251738525731,length,,,,0.020790958777070045,1.0,True,True,5f2483f9030a51d57eb4b81321e580fbbd3c2ac8;365a59ae8d20072a7d913dff5c38e29e4bb4c57c;40a69c536c4bb900543c075dacd8231d00706a80,0.5912087559700012,0.49888521432876587,0.0,0,0.0,0.0,0.0,0.0
5ad3dbc6604f3c001a3ff3ea,hybrid_retrieval_cache_warm,hybrid,hybrid_retrieval_cache_hit,single,43,0,0,Who did the Normans fight in Italy?,," The Normans fought against the Pechenegs, the Bulgars, and especially the Seljuk Turks in Italy.
Answer: The Normans fought against the Pechenegs, the Bulgars, and especially the Seljuk Turks in Italy. The text mentions that after entering Italy, they fought against these groups. However, the exact location of these battles within Italy isn't specified, but the answer is based on the context provided.
Based on the context provided, the answer is:",4706.712245941162,18640.805959701538,100,639,512,0.8012519561815337,length,,,,0.7438968420028687,1.0,True,True,617cba516a55ebbfb1113f52b385c85a42d6df6b;17a6aea83fcd21c605f7b1f70b8380f9862630ad;5f2483f9030a51d57eb4b81321e580fbbd3c2ac8,0.9188681443532308,0.614642858505249,0.0,0,0.0,0.0,0.0,0.0
5ad3dbc6604f3c001a3ff3eb,hybrid_retrieval_cache_warm,hybrid,hybrid_retrieval_cache_hit,single,44,0,0,Who did the Normans encourage to come to the south?,," The Normans encouraged the Lombards to come to the south.
Answer: The Normans encouraged the Lombards to come to the south. The context mentions that ""Norman mercenaries were first encouraged to come to the south by the Lombards to act against the Byzantines."" Therefore, the answer is the Lombards.
The answer is the Lombards. The context states that the Normans encouraged the Lombards to come to the south. Therefore, the answer is the Lombards. The answer",1523.843765258789,9853.253841400146,100,652,640,0.9815950920245399,length,,,,0.3944806158542633,1.0,True,True,617cba516a55ebbfb1113f52b385c85a42d6df6b;5f2483f9030a51d57eb4b81321e580fbbd3c2ac8;9b8d823d5e09713a8bbea52168bf5867e4402860,0.5036776860555013,0.555750846862793,0.0,0,0.0,0.0,0.0,0.0
5ad3dbc6604f3c001a3ff3ec,hybrid_retrieval_cache_warm,hybrid,hybrid_retrieval_cache_hit,single,45,0,0,During what campaign did the Vargian and Lombard fight?,," The Vargian and Lombard fought during the Sicilian campaign of George Maniaces in 1038–40.
The answer is correct based on the information provided in the context. The text explicitly states that Norman mercenaries were prominent alongside Varangian and Lombard contingents in the Sicilian campaign of George Maniaces in 1038–40. This directly answers the question about the campaign in which the Varangian and Lombard fought. The answer",2581.973075866699,12370.03493309021,100,821,768,0.9354445797807551,length,,,,0.12457027286291122,1.0,True,True,5f2483f9030a51d57eb4b81321e580fbbd3c2ac8;365a59ae8d20072a7d913dff5c38e29e4bb4c57c;8862a3e276ebe38b4c05fe171af7b2840166612d,0.2915000915527344,0.509096622467041,0.0,0,0.0,0.0,0.0,0.0
56de0ffd4396321400ee258d,hybrid_retrieval_cache_warm,hybrid,hybrid_retrieval_cache_hit,single,46,0,0,When did Herve serve as a Byzantine general?,1050s," Herve served as a Byzantine general in the 1050s. The context states that ""One of the first Norman mercenaries to serve as a Byzantine general was Hervé in the 1050s."" This directly answers the question with the specific time period mentioned. The other contexts discuss other Normans like Robert Guiscard and Roussel de Bailleul, but they are not related to Hervé's service. The answer is clear and based on the provided",2534.480094909668,13304.14605140686,100,791,768,0.9709228824273072,length,,,,0.164453387260437,1.0,True,True,0b626d4824434e29d0c41a6fe218ee1ed81bd2dc;365a59ae8d20072a7d913dff5c38e29e4bb4c57c;8862a3e276ebe38b4c05fe171af7b2840166612d,0.9450667301813761,0.5347889065742493,0.7745988368988037,0.0273972602739726,0.03278688524590164,0.016666666666666666,1.0,0.0
56de0ffd4396321400ee258e,hybrid_retrieval_cache_warm,hybrid,hybrid_retrieval_cache_hit,single,47,0,0,When did Robert Crispin go up against the Turks?,1060s," The Normans under Robert Crispin went up against the Turks in the 1060s. The specific year is not mentioned in the text, but it is stated that this occurred during the 1060s. Therefore, the answer is the 1060s. However, since the question asks for the exact time, the answer is that it happened in the 1060s.
The answer is: 1060s. The text",4242.759943008423,11986.949682235718,100,750,640,0.8533333333333334,length,,,,0.4267401099205017,1.0,True,True,365a59ae8d20072a7d913dff5c38e29e4bb4c57c;0b626d4824434e29d0c41a6fe218ee1ed81bd2dc;5f2483f9030a51d57eb4b81321e580fbbd3c2ac8,0.6171751221021017,0.5036019682884216,0.8086783289909363,0.031746031746031744,0.04081632653061225,0.020833333333333332,1.0,0.0
56de0ffd4396321400ee258f,hybrid_retrieval_cache_warm,hybrid,hybrid_retrieval_cache_hit,single,48,0,0,Who ruined Roussel de Bailleul's plans for an independent state?,Alexius Komnenos," The Byzantine general Alexius Komnenos. 

The answer is correct based on Context 1, which states that Roussel de Bailleul tried to carve out an independent state in Asia Minor but was stopped by the Byzantine general Alexius Komnenos.
The answer is correct based on Context 1, which states that Roussel de Bailleul tried to carve out an independent state in Asia Minor but was stopped by the Byzantine general Alexius Komnenos. 

Answer:",1630.3009986877441,9445.722818374634,100,796,768,0.964824120603015,length,,,,0.4690283536911011,1.0,True,True,0b626d4824434e29d0c41a6fe218ee1ed81bd2dc;6ec74f41bfd72db92b3c43b2d600b77a922358af;365a59ae8d20072a7d913dff5c38e29e4bb4c57c,0.2839759786923726,0.2446393072605133,0.8155081272125244,0.05405405405405406,0.059701492537313446,0.03076923076923077,1.0,0.0
5ad3de8b604f3c001a3ff467,hybrid_retrieval_cache_warm,hybrid,hybrid_retrieval_cache_hit,single,49,0,0,Who was the first Byzantine mercenary to serve with the Normans?,," The answer is not provided in the context. I don't know.
Answer: The answer is not provided in the context. I don't know. The context does not mention any specific individual who was the first Byzantine mercenary to serve with the Normans. It discusses Norman mercenaries serving the Byzantine Empire, including Hervé, Robert Crispin, Roussel de Bailleul, and others, but does not provide information about a Byzantine mercenary serving with the Normans.",2783.3478450775146,10024.776935577393,100,462,384,0.8311688311688312,length,,,,0.4406689703464508,1.0,True,True,0b626d4824434e29d0c41a6fe218ee1ed81bd2dc;40a69c536c4bb900543c075dacd8231d00706a80;5f2483f9030a51d57eb4b81321e580fbbd3c2ac8,0.9053253531455994,0.7243223786354065,0.0,0,0.0,0.0,0.0,0.0
5ad3de8b604f3c001a3ff468,hybrid_retrieval_cache_warm,hybrid,hybrid_retrieval_cache_hit,single,50,0,0,When did Herve serve as a Norman general?,," Herve served as a Norman general in the 1050s. The context states, ""One of the first Norman mercenaries to serve as a Byzantine general was Hervé in the 1050s."" This directly indicates the time period when Herve was serving in that capacity. The answer is clear from the given context. 

Answer: Hervé served as a Norman general in the 1050s. The context explicitly states that he was a Norman",766.4949893951416,8471.448183059692,100,527,512,0.9715370018975332,length,,,,0.07797398418188095,1.0,True,True,0b626d4824434e29d0c41a6fe218ee1ed81bd2dc;17a6aea83fcd21c605f7b1f70b8380f9862630ad;8862a3e276ebe38b4c05fe171af7b2840166612d,0.9958598415056864,0.5758109092712402,0.0,0,0.0,0.0,0.0,0.0
